slug,line,kind,brand
aov-actuator-repair,aov-smoke,generic,
aov-actuator-replacement,aov-smoke,generic,
aov-annual-service,aov-smoke,generic,
aov-call-out,aov-smoke,generic,
aov-commissioning,aov-smoke,generic,
aov-installation,aov-smoke,generic,
aov-maintenance,aov-smoke,generic,
aov-panel-repair,aov-smoke,generic,
aov-panel-replacement,aov-smoke,generic,
aov-repair,aov-smoke,generic,
aov-replacement,aov-smoke,generic,
aov-service,aov-smoke,generic,
aov-servicing,aov-smoke,generic,
aov-testing,aov-smoke,generic,
colt-aov-service,aov-smoke,manufacturer,colt
d-h-aov-repair,aov-smoke,manufacturer,d-h-mechatronic
emergency-aov-repair,aov-smoke,generic,
roof-smoke-vent-installation,aov-smoke,generic,
se-controls-aov-repair,aov-smoke,manufacturer,se-controls
se-controls-aov-service,aov-smoke,manufacturer,se-controls
smoke-control-system-installation,aov-smoke,generic,
smoke-control-system-maintenance,aov-smoke,generic,
smoke-control-system-repair,aov-smoke,generic,
smoke-damper-testing,aov-smoke,generic,
smoke-shaft-maintenance,aov-smoke,generic,
smoke-vent-installation,aov-smoke,generic,
smoke-vent-maintenance,aov-smoke,generic,
smoke-vent-repair,aov-smoke,generic,
smoke-vent-service,aov-smoke,generic,
smoke-ventilation-installation,aov-smoke,generic,
automatic-barrier-installation,barrier,generic,
automatic-barrier-maintenance,barrier,generic,
automatic-barrier-repair,barrier,generic,
barrier-arm-replacement,barrier,generic,
barrier-call-out,barrier,generic,
barrier-installation,barrier,generic,
barrier-loop-detector,barrier,generic,
barrier-maintenance,barrier,generic,
barrier-motor-replacement,barrier,generic,
barrier-repair,barrier,generic,
barrier-replacement,barrier,generic,
barrier-service,barrier,generic,
barrier-servicing,barrier,generic,
barrier-stuck-down,barrier,generic,
bft-barrier-repair,barrier,manufacturer,bft
came-barrier-installation,barrier,manufacturer,came
came-barrier-repair,barrier,manufacturer,came
came-barrier-service,barrier,manufacturer,came
came-gard-gt4-installation,barrier,manufacturer,came
car-park-barrier-installation,barrier,generic,
car-park-barrier-maintenance,barrier,generic,
car-park-barrier-repair,barrier,generic,
car-park-barrier-servicing,barrier,generic,
emergency-barrier-repair,barrier,generic,
faac-barrier-repair,barrier,manufacturer,faac
nice-barrier-repair,barrier,manufacturer,nice
rising-arm-barrier-installation,barrier,generic,
rising-arm-barrier-repair,barrier,generic,
vehicle-barrier-installation,barrier,generic,
vehicle-barrier-repair,barrier,generic,
addressable-fire-alarm-installation,fire,generic,
advanced-fire-alarm-repair,fire,manufacturer,advanced-electronics
c-tec-fire-alarm-repair,fire,manufacturer,c-tec
conventional-fire-alarm-installation,fire,generic,
emergency-fire-alarm-repair,fire,generic,
emergency-lighting-installation,fire,generic,
emergency-lighting-repair,fire,generic,
emergency-lighting-testing,fire,generic,
false-alarm-investigation,fire,generic,
fire-alarm-call-out,fire,generic,
fire-alarm-certificate,fire,generic,
fire-alarm-commissioning,fire,generic,
fire-alarm-fault-finding,fire,generic,
fire-alarm-installation,fire,generic,
fire-alarm-maintenance,fire,generic,
fire-alarm-panel-repair,fire,generic,
fire-alarm-panel-replacement,fire,generic,
fire-alarm-ppm,fire,generic,
fire-alarm-repair,fire,generic,
fire-alarm-replacement,fire,generic,
fire-alarm-service,fire,generic,
fire-alarm-servicing,fire,generic,
fire-alarm-upgrade,fire,generic,
fire-door-inspection,fire,generic,
fire-door-installation,fire,generic,
fire-extinguisher-servicing,fire,generic,
gent-fire-alarm-service,fire,manufacturer,gent
kentec-fire-alarm-repair,fire,manufacturer,kentec
morley-fire-alarm-repair,fire,manufacturer,morley
wireless-fire-alarm-installation,fire,generic,
